MaintenanceID,TechnicianName,Team,Contact,Shift,Region
1,Anne Smith,Zone Tech Team,001-540-212-9691x121,Morning,Midwest
2,Jessica White,Facility Repairs,582.498.4879x350,Night,Midwest
3,John Nguyen,Equipment Ops Team,001-707-909-5360,Night,West
4,Cassie Dennis,Zone Tech Team,+1-222-361-1810,Evening,Northeast
5,Erin Jackson,Automation Crew,(376)231-2961x551,Night,South
6,Barry Burns,Automation Crew,001-358-466-0291,Morning,Northeast
7,Kenneth Fischer,Equipment Ops Team,(247)373-4134,Morning,Midwest
8,Michael Phillips,Automation Crew,+1-866-670-5829x14340,Evening,South
9,Kathleen Ortiz,Zone Tech Team,001-462-610-5886x02305,Evening,Northeast
10,Matthew Rodriguez,Facility Repairs,828.578.8109,Evening,Midwest
11,Jamie Ramos,Maintenance Squad,592.286.1234x3853,Night,West
12,Bryan Coleman,Zone Tech Team,(856)533-5777,Night,Northeast
13,Melissa Martinez,Equipment Ops Team,(739)680-2918,Morning,Midwest
14,Danielle Hernandez,Automation Crew,(897)637-6000x699,Morning,South
15,Jeremy Reid,Equipment Ops Team,(393)578-3892x1069,Night,West
16,Michelle Cox,Zone Tech Team,001-534-515-9291x9079,Night,South
17,Trevor Doyle,Zone Tech Team,001-458-971-7834x546,Evening,West
18,Amber Davis,Equipment Ops Team,7696556960,Morning,South
19,Tom Harris,Automation Crew,202-735-3805,Night,South
20,Kenneth Lloyd,Automation Crew,001-490-376-3637x03228,Morning,West
21,Dawn Duarte,Maintenance Squad,700-503-0355x8155,Evening,West
22,Jeremy Young,Facility Repairs,001-701-985-7368x8278,Morning,Northeast
23,Kiara Johnson,Maintenance Squad,2359310128,Evening,South
24,Lisa Franco,Equipment Ops Team,238.407.3302x13480,Evening,South
25,Jordan Carter,Maintenance Squad,001-595-208-7851,Morning,Midwest
26,Richard Harmon,Equipment Ops Team,(965)554-9605x492,Morning,West
27,Brittany Flores,Facility Repairs,870.917.6690x8702,Morning,Northeast
28,Victoria Chang,Maintenance Squad,962.429.6076x424,Evening,Midwest
29,Roberto Torres,Automation Crew,(216)588-8617,Night,South
30,Steven Arnold DDS,Zone Tech Team,405.716.0407x1117,Night,South
31,Lydia Brown,Equipment Ops Team,4509077533,Evening,South
32,Dawn Garcia,Facility Repairs,+1-559-616-1502,Night,South
33,Bobby Allen,Equipment Ops Team,469.782.2907,Night,Midwest
34,Steven Ellis,Automation Crew,433-236-5954,Morning,West
35,Jonathan Richards,Facility Repairs,879.467.8936x768,Evening,Northeast
36,Morgan Johnson,Maintenance Squad,(581)377-8861,Morning,Midwest
37,Ryan Coleman,Automation Crew,840-330-5393,Morning,West
38,Kathleen Clark,Automation Crew,+1-728-929-5628x848,Evening,Midwest
39,Elizabeth Pineda,Facility Repairs,(709)476-4958,Night,Northeast
40,Nancy Pollard,Equipment Ops Team,557-660-6092x24703,Night,West
41,Renee Garcia,Automation Crew,329-941-1147x654,Morning,Midwest
42,Bryan Beck,Zone Tech Team,358.715.5874,Morning,Midwest
43,Monica Chapman,Automation Crew,958-373-4118x078,Night,South
44,Angela Reeves,Zone Tech Team,764.909.1444x221,Morning,West
45,Christine Flores,Maintenance Squad,339.527.5332x34663,Night,Midwest
46,Jason Herrera,Maintenance Squad,352-463-7085,Morning,Northeast
47,Christopher Kaiser,Equipment Ops Team,619-283-8624x778,Night,Northeast
48,Matthew Hernandez,Automation Crew,360.849.5967x61021,Morning,Midwest
49,Melissa Wilson,Equipment Ops Team,(802)374-7897,Night,South
50,Michael Keith,Automation Crew,+1-524-619-2871x46398,Morning,Northeast
51,Jessica Allen,Zone Tech Team,(656)340-9905,Morning,South
52,Gabriel Price,Automation Crew,(508)361-7554,Night,South
53,Tiffany Cohen,Facility Repairs,889-315-6488,Evening,Northeast
54,Francis Lee,Facility Repairs,884.219.2307x3384,Evening,West
55,Shannon Taylor,Facility Repairs,001-767-850-6176x2969,Morning,South
56,Bobby Powell,Facility Repairs,359-727-3440x75137,Night,Midwest
57,Lisa Munoz,Zone Tech Team,(817)764-1932x249,Night,Midwest
58,Dr. Michelle Booker,Automation Crew,396.214.5050x729,Night,Northeast
59,Joshua Coleman,Zone Tech Team,819.537.4219x502,Night,Midwest
60,Anna Galloway,Facility Repairs,843.483.4947x7029,Evening,West
61,Sandra Kennedy,Maintenance Squad,9016758646,Night,South
62,Ryan Carroll,Zone Tech Team,671.830.1522x538,Night,Midwest
63,Brooke Patterson,Facility Repairs,887.201.7170x959,Morning,Midwest
64,Tracy Gonzalez,Facility Repairs,001-236-545-2778x4216,Evening,South
65,Connie Obrien,Automation Crew,597.784.8791x96223,Evening,South
66,Monica Taylor DVM,Equipment Ops Team,532.599.6168x7188,Night,Northeast
67,Christina Price,Maintenance Squad,786.829.8146,Morning,South
68,Elizabeth Mason,Equipment Ops Team,001-913-673-7072x23285,Evening,Northeast
69,Donald Smith,Equipment Ops Team,+1-964-809-2334x08338,Evening,Midwest
70,Cynthia Simmons,Facility Repairs,(588)822-9632,Evening,Northeast
71,Mike Maddox,Facility Repairs,001-237-362-0487x751,Evening,West
72,Julie Mooney,Facility Repairs,+1-717-391-4533x105,Night,South
73,Jonathan Nelson,Equipment Ops Team,+1-239-395-9893x07981,Morning,South
74,Richard Young,Maintenance Squad,996.520.0971,Night,South
75,Kevin Velez,Equipment Ops Team,352.459.9133,Morning,Midwest
76,Ian Wong,Equipment Ops Team,(220)620-3191x867,Evening,Midwest
77,Lee Wilson,Equipment Ops Team,362-240-5143x24211,Morning,Northeast
78,Laura Smith,Automation Crew,+1-745-424-8911x197,Morning,Midwest
79,Susan Collins,Maintenance Squad,883-239-5695x4059,Night,Midwest
80,Sara Williams,Automation Crew,001-821-628-6303,Evening,West
81,Alexis Porter,Automation Crew,536-629-4553,Evening,Midwest
82,Megan Choi,Automation Crew,+1-747-206-0101x486,Morning,Midwest
83,Gina Hamilton,Equipment Ops Team,887.267.2421x98778,Morning,South
84,Marc Johns,Zone Tech Team,8583851526,Night,West
85,Ashley Martinez,Zone Tech Team,383-679-0864x9361,Morning,Midwest
86,Mr. Brian Parsons,Equipment Ops Team,001-882-906-9238x886,Night,Midwest
87,Wendy Scott,Maintenance Squad,(372)719-3799,Night,South
88,Eric Frey MD,Automation Crew,6008473958,Evening,South
89,Max Flynn,Maintenance Squad,+1-543-984-4687x722,Morning,South
90,Gary King,Equipment Ops Team,+1-668-739-7204x4094,Morning,Northeast
91,David Berry,Automation Crew,7147884200,Night,Northeast
92,Kelly Mercado,Equipment Ops Team,872-669-2773x77964,Morning,West
93,Christina Green,Facility Repairs,+1-621-421-0770,Morning,South
94,Kathleen Baxter,Automation Crew,803.880.7208,Evening,South
95,Jason Fox,Automation Crew,001-720-217-5256x0403,Night,West
96,Donald Wu,Equipment Ops Team,+1-514-783-0864,Morning,Northeast
97,Harry Reynolds,Zone Tech Team,(734)926-0847,Night,Northeast
98,Christian Ramirez,Automation Crew,(827)316-9920x2219,Night,Northeast
99,Christine Morgan,Automation Crew,+1-439-295-5831x138,Evening,South
100,Joseph Roth,Zone Tech Team,001-382-342-6966x318,Morning,Northeast
101,John Jackson,Maintenance Squad,001-924-976-7596,Night,West
102,Rebecca Rodriguez,Zone Tech Team,890.518.8379x2519,Night,South
103,Joseph Delgado,Automation Crew,001-436-452-7036x05022,Evening,Northeast
104,Shannon Torres DDS,Equipment Ops Team,001-594-908-7773x7936,Evening,Midwest
105,Robert Snyder,Maintenance Squad,241-878-0155x50886,Morning,Midwest
106,Rachel Alvarez,Zone Tech Team,(889)868-2040x353,Night,Midwest
107,Kristen Jackson,Facility Repairs,(708)768-5276x484,Evening,Midwest
108,Kevin Strickland,Automation Crew,923-512-0293x593,Night,West
109,Eric Mckinney,Equipment Ops Team,952-364-3396x3922,Morning,Northeast
110,Mrs. Renee Simmons,Zone Tech Team,001-982-360-8296x2985,Morning,West
111,Jason Reed,Equipment Ops Team,(841)329-1599x72708,Night,South
112,Donald Rogers,Automation Crew,(841)552-6047,Evening,South
113,Mark Tran,Automation Crew,919.664.1300,Evening,Midwest
114,Ana Howard,Equipment Ops Team,001-795-444-7288x5473,Night,West
115,Andrew Mclean,Facility Repairs,218-724-7644,Night,Midwest
116,Scott Jones,Equipment Ops Team,+1-803-382-7321x41759,Night,West
117,Michael Smith,Automation Crew,322-204-0200x23690,Evening,Northeast
118,Joshua White,Facility Repairs,+1-902-287-3331x5933,Night,Northeast
119,Dominic Rose,Automation Crew,380-725-2210x82153,Night,Northeast
120,Lauren Wiggins,Maintenance Squad,352-710-7377x23290,Night,Northeast
121,Johnathan Pittman,Automation Crew,+1-965-508-1198x7345,Evening,Midwest
122,William Duran,Zone Tech Team,732-675-3177x6699,Night,Northeast
123,Debra Anderson,Equipment Ops Team,+1-844-272-2055,Evening,Northeast
124,Daniel Parker,Equipment Ops Team,(716)223-8877x8726,Night,Midwest
125,Kenneth Johnson,Zone Tech Team,259-252-2100,Night,Northeast
126,Crystal Duran,Facility Repairs,669-980-1101x681,Evening,Northeast
127,Elizabeth Lewis,Facility Repairs,(713)685-5819x8037,Evening,Northeast
128,Claudia Johnson,Zone Tech Team,001-877-909-3111,Evening,Midwest
129,Nicholas Martin,Zone Tech Team,(477)957-6526,Morning,South
130,Shawn Hayes,Facility Repairs,869-815-4067,Morning,West
131,Valerie Brown,Facility Repairs,858.456.7775,Night,Northeast
132,Mary Kennedy,Facility Repairs,356.500.3197,Night,West
133,Tara Wood,Facility Repairs,7627016579,Evening,South
134,Karen Burke,Zone Tech Team,347-850-6580,Night,Northeast
135,Sarah Goodwin,Facility Repairs,723-289-6850x39351,Morning,West
136,Lindsay Santos,Facility Repairs,001-803-776-2750x795,Morning,Midwest
137,Joanne Miller,Automation Crew,975-988-5904,Evening,Northeast
138,Sandra Williams,Facility Repairs,(858)261-2744x3534,Evening,South
139,Brian Bennett,Maintenance Squad,+1-607-798-5636,Evening,West
140,Michael Carrillo,Equipment Ops Team,304-701-6388x73048,Morning,Midwest
141,James Bryant,Facility Repairs,001-448-226-0252x503,Night,South
142,Thomas Castillo,Maintenance Squad,8762288735,Night,Northeast
143,Raymond Thompson,Zone Tech Team,(859)603-9312x30124,Evening,South
144,Cindy Faulkner,Equipment Ops Team,6498786570,Night,Northeast
145,Ricky Krause,Facility Repairs,673.700.6334,Morning,Midwest
146,James Johnson,Zone Tech Team,413-363-6791x894,Evening,West
147,Sarah Peterson,Zone Tech Team,+1-670-601-8893x944,Night,West
148,Colleen Chapman,Maintenance Squad,(240)655-7566x2904,Evening,West
149,Christopher Wilson,Zone Tech Team,001-631-354-3935,Evening,Midwest
150,Robert West,Equipment Ops Team,(876)961-2973,Night,South
151,Dustin Hughes,Facility Repairs,+1-589-931-8272x71679,Night,South
152,Kimberly Nelson,Zone Tech Team,378-987-1391,Evening,Northeast
153,Steven Barnett,Equipment Ops Team,979.656.6808x35616,Evening,South
154,Olivia Ryan,Zone Tech Team,242-471-4616x884,Evening,South
155,Catherine Yu,Facility Repairs,858-737-8858,Morning,South
156,Jeffrey Turner,Automation Crew,+1-362-241-0027x03710,Morning,Midwest
157,William Cole,Facility Repairs,(975)505-3506x47507,Morning,South
158,Philip Parker,Automation Crew,422.283.8441,Night,West
159,Isabella Beard,Maintenance Squad,(500)598-6018,Night,West
160,Angela Wells,Automation Crew,(401)302-5026x5177,Morning,Midwest
161,Eric Odonnell,Equipment Ops Team,+1-812-513-7871x2889,Night,South
162,Brenda Haynes,Maintenance Squad,4602144385,Morning,South
163,John Porter,Maintenance Squad,001-266-269-6264,Evening,West
164,Brandon Berry,Facility Repairs,(609)871-3774,Morning,Midwest
165,Anna Kidd,Automation Crew,001-201-560-8553x178,Night,South
166,Zachary Williams,Maintenance Squad,001-862-896-7060x45354,Evening,Northeast
167,Katherine Simpson,Maintenance Squad,001-679-380-8092x071,Morning,West
168,Nicole Whitehead,Facility Repairs,805.980.2906,Evening,Northeast
169,Richard Garner,Automation Crew,3835997218,Morning,West
170,Mary Hodge,Automation Crew,(330)437-7180x78657,Evening,Northeast
171,Linda Sanchez,Zone Tech Team,001-727-216-0018,Evening,Midwest
172,Dylan Andrews,Zone Tech Team,001-783-968-0949x846,Morning,South
173,Dawn Brock,Equipment Ops Team,001-686-434-9285x90122,Night,South
174,Nicholas Oliver,Maintenance Squad,772-615-6089x36186,Night,South
175,Laurie James,Maintenance Squad,6733152421,Evening,West
176,Joseph Huffman,Facility Repairs,926-251-4046x384,Night,West
177,Kathleen Moore,Equipment Ops Team,676-999-5621x3676,Evening,Midwest
178,Adam Thompson,Equipment Ops Team,+1-934-531-5341x19127,Morning,Midwest
179,Stacey Peters,Equipment Ops Team,001-493-861-8168x1758,Evening,Northeast
180,Ashley Silva,Facility Repairs,323.938.8849,Evening,South
181,Jasmine Long,Maintenance Squad,338.517.7278,Night,Northeast
182,Kayla Duke,Equipment Ops Team,207-868-8793x622,Evening,West
183,Alexa Perez,Automation Crew,515-266-3407x8652,Morning,West
184,Donald Levy,Facility Repairs,+1-200-885-7105x5764,Evening,South
185,Sharon Velasquez,Automation Crew,893.436.2462x4888,Night,Midwest
186,Christopher Cooley,Automation Crew,(358)865-1499x03996,Night,South
187,John Harvey,Zone Tech Team,558-755-8020x96910,Night,South
188,Jon Hicks,Automation Crew,808.294.9478x55428,Night,West
189,John Smith,Zone Tech Team,457.595.5045x980,Night,Midwest
190,Mark Floyd,Equipment Ops Team,316-341-3324,Evening,South
191,Alicia Frank,Equipment Ops Team,(439)875-4939x8878,Morning,West
192,Matthew Marshall,Maintenance Squad,+1-664-868-6974x864,Evening,South
193,Julie Anthony,Automation Crew,+1-811-543-1762x23150,Night,South
194,Theresa Bartlett,Zone Tech Team,231.414.2910x7747,Evening,Midwest
195,Jessica Young,Maintenance Squad,(867)486-2392x527,Night,West
196,Ashley Price,Facility Repairs,666.292.4880x5189,Morning,South
197,Colleen Smith,Equipment Ops Team,(316)511-1449x320,Night,South
198,Theresa Robinson MD,Facility Repairs,(590)732-9147x39467,Evening,Northeast
199,Cynthia Roberts,Automation Crew,638-919-9915x1299,Night,Midwest
200,David Perry,Maintenance Squad,001-868-454-8599x65245,Night,Midwest
201,James Figueroa,Facility Repairs,809.650.7643,Night,South
202,Brian Medina,Facility Repairs,6246262798,Morning,Midwest
203,Mark Bailey,Equipment Ops Team,908-294-5350x66679,Evening,South
204,Douglas Johnson,Automation Crew,001-564-784-8929x91157,Morning,Northeast
205,Juan Ibarra,Facility Repairs,(560)600-2583,Night,South
206,Dawn Warner,Equipment Ops Team,001-248-919-2559x6570,Night,South
207,Kelly Ross,Automation Crew,318-428-1274,Morning,West
208,Wyatt Knapp,Facility Repairs,597.957.2659,Evening,West
209,Christie Powers,Automation Crew,+1-762-217-3709x38487,Evening,Midwest
210,Nathan Osborne,Maintenance Squad,428.250.1436x5195,Morning,Midwest
211,Mallory Roy,Automation Crew,899-737-8651,Evening,West
212,Donald Walker,Facility Repairs,001-848-268-5281,Night,South
213,Nathan Mcdonald,Maintenance Squad,001-366-625-2642,Evening,Midwest
214,Kelly Ballard,Equipment Ops Team,672-322-4545x65137,Morning,South
215,Richard Smith,Zone Tech Team,(675)796-3880x9739,Night,Midwest
216,Diana Cameron,Zone Tech Team,669-823-0661x3720,Evening,Midwest
217,Jessica Clark,Equipment Ops Team,889.398.6972x72868,Night,Midwest
218,Beth Graham,Automation Crew,001-927-954-0419x025,Evening,South
219,Michael Mullins,Zone Tech Team,647.990.3098,Night,Midwest
220,Janice Garcia,Automation Crew,001-708-397-0972,Night,West
221,Kim Harper,Zone Tech Team,296-573-0467,Morning,Midwest
222,Daniel Mckinney,Zone Tech Team,748.603.2753x7573,Evening,Midwest
223,John Nichols,Facility Repairs,+1-689-531-1099x9346,Morning,Northeast
224,Laura Moody,Zone Tech Team,702-307-1387x9297,Evening,Northeast
225,Christopher James,Facility Repairs,(680)699-3542x6627,Night,Midwest
226,Manuel Ellis,Zone Tech Team,+1-518-981-4471x02830,Morning,West
227,Monica Taylor,Automation Crew,(429)247-6407,Night,Northeast
228,Tammy Ramsey,Zone Tech Team,946.972.8374x64079,Night,Northeast
229,Randy Pearson,Facility Repairs,439-889-2806x69954,Night,South
230,Cassidy Schmitt,Maintenance Squad,884.954.2012x92145,Night,South
231,Daniel Liu,Automation Crew,(747)546-1989x194,Evening,South
232,Antonio Sutton,Maintenance Squad,(845)412-5007x6818,Evening,South
233,Gary Smith,Maintenance Squad,508-745-7483x516,Morning,South
234,Kristi Jimenez,Facility Repairs,001-424-352-0168,Evening,Midwest
235,Amy Romero,Facility Repairs,775-759-0718,Night,West
236,Katherine Taylor,Automation Crew,299.936.4386,Morning,Midwest
237,Austin Anderson,Maintenance Squad,+1-707-536-0421x1088,Night,Northeast
238,Brandon Ramirez,Equipment Ops Team,5665940753,Night,West
239,Melissa Page,Automation Crew,353.548.7888x963,Morning,Northeast
240,Ann Rosario,Equipment Ops Team,001-318-542-4466x1854,Night,West
241,Jessica Delacruz,Automation Crew,241-772-7186x052,Night,West
242,David Barker,Equipment Ops Team,477-682-8430x7481,Morning,Midwest
243,Emily Lawrence,Maintenance Squad,2427804142,Night,West
244,Mark Lang,Automation Crew,207.541.4688x4890,Evening,Northeast
245,Robert Young,Zone Tech Team,777.465.7648x6999,Evening,South
246,Shannon Figueroa,Automation Crew,516-775-6180,Night,West
247,Samantha Norris,Zone Tech Team,001-471-621-1281,Evening,Northeast
248,Nathan Lin,Equipment Ops Team,(727)373-1963,Night,Northeast
249,Matthew Torres,Automation Crew,(783)838-8860,Morning,Midwest
250,Benjamin Brown,Automation Crew,471-493-8078x482,Evening,Midwest
251,Jacqueline Myers,Zone Tech Team,001-490-274-6024x01722,Night,South
252,Paula Sullivan,Automation Crew,534-291-2342x466,Evening,Midwest
253,Julian Drake,Automation Crew,404-989-5797,Morning,Northeast
254,Jonathan Strong,Facility Repairs,812.491.6354,Morning,Midwest
255,Kristin Perez,Zone Tech Team,+1-424-709-4031x1498,Morning,Midwest
256,Sheila Francis,Maintenance Squad,5376703442,Night,West
257,Teresa Diaz,Equipment Ops Team,320.802.6607x945,Evening,West
258,Rebecca Campbell,Zone Tech Team,(870)926-6547x467,Night,Northeast
259,Stefanie Lawson,Equipment Ops Team,(584)749-1003x72255,Night,South
260,Brian Ford,Facility Repairs,207-617-3497x198,Morning,Midwest
261,Henry Adams,Maintenance Squad,893.890.8995x32734,Evening,West
262,Raymond Hunter,Equipment Ops Team,(214)361-5159x6271,Night,South
263,Robert Montoya,Maintenance Squad,641.499.2730,Evening,South
264,Amanda Evans,Maintenance Squad,852-247-0925x918,Morning,Northeast
265,Brandy Washington,Maintenance Squad,606.909.8986x7136,Morning,Northeast
266,Christine Garcia,Automation Crew,505.415.4784,Evening,South
267,Kevin Wagner,Automation Crew,(952)561-5418x923,Evening,Northeast
268,William Gutierrez,Facility Repairs,+1-703-564-9701,Evening,West
269,Joshua Campbell,Facility Repairs,001-207-269-7307x33998,Night,Midwest
270,Randy Wright,Zone Tech Team,589-624-8365,Morning,Midwest
271,Joshua Stout,Facility Repairs,(978)630-8636x78836,Evening,Midwest
272,Anna Smith,Automation Crew,001-664-711-6701,Evening,Midwest
273,Paul Mclean,Equipment Ops Team,(625)478-2182x102,Night,Northeast
274,Jennifer Schwartz,Maintenance Squad,562.464.1524,Evening,West
275,Samantha Adams,Zone Tech Team,(243)245-2027x3080,Night,South
276,Crystal Perez,Zone Tech Team,571.471.9161,Night,West
277,Melissa Mcdaniel,Automation Crew,246-736-5122,Evening,Midwest
278,Melanie Vincent,Maintenance Squad,937-473-3593x0648,Night,Midwest
279,Frank Oliver,Automation Crew,001-610-814-1427x5230,Morning,Northeast
280,Mrs. Ashley Lee MD,Equipment Ops Team,001-924-819-2250,Night,Northeast
281,Robert Davis,Maintenance Squad,656.481.8384x73148,Evening,Midwest
282,Kristen Brown,Facility Repairs,+1-514-372-0676x850,Morning,West
283,Michael Pearson,Zone Tech Team,+1-711-583-1045x509,Evening,West
284,Ricky Douglas,Facility Repairs,692-654-4725x30449,Morning,West
285,Ashley Mason,Zone Tech Team,697-445-9868,Evening,Midwest
286,Christina White,Maintenance Squad,777-883-0138x2196,Evening,Midwest
287,Daniel Mcbride,Equipment Ops Team,001-571-826-6183x99405,Night,Northeast
288,Christopher Walker,Equipment Ops Team,001-856-789-3127x971,Morning,West
289,Nancy Haas,Equipment Ops Team,4138784101,Night,Midwest
290,Adam Reynolds,Maintenance Squad,(277)241-2696,Morning,South
291,Brandon Watson,Facility Repairs,782-754-7838,Morning,South
292,David Zamora,Zone Tech Team,454.703.6661x8307,Night,Northeast
293,Richard Barker,Maintenance Squad,+1-649-300-6859x7978,Night,West
294,Courtney Johnson,Facility Repairs,001-515-571-8873x757,Night,West
295,Marilyn Rios,Automation Crew,636-634-6821x05258,Night,West
296,Leslie Daniels,Automation Crew,(723)249-4719,Evening,South
297,Joshua Ward,Zone Tech Team,740.935.7599,Evening,West
298,Mrs. Sarah Dixon,Maintenance Squad,784-896-5565,Night,West
299,Russell Martinez,Zone Tech Team,(730)644-6946x53623,Night,South
300,Jennifer Garcia,Maintenance Squad,(863)876-6895,Morning,Midwest
301,Julia Arnold,Automation Crew,(650)524-4997,Night,Midwest
302,Dr. Sarah Peters PhD,Maintenance Squad,+1-647-565-1618x103,Night,West
303,Matthew Warren,Zone Tech Team,458.807.8804x672,Morning,Northeast
304,Beth Smith,Equipment Ops Team,(951)802-2834,Night,Midwest
305,Jason Rodriguez,Maintenance Squad,355-409-6193x54867,Night,Northeast
306,William King,Maintenance Squad,(443)654-7365x2767,Evening,Northeast
307,Dylan Frank,Automation Crew,250.573.8868x8845,Night,West
308,Brandon Jackson,Maintenance Squad,341.604.0783x21078,Morning,Midwest
309,Catherine Hill,Automation Crew,453-341-9227,Night,Midwest
310,Christopher Knox III,Facility Repairs,887.858.7343,Evening,South
311,Jason Arias,Automation Crew,975.745.8118x2484,Morning,Northeast
312,Michael Saunders,Maintenance Squad,+1-207-375-5703x4685,Morning,South
313,Deanna Thomas,Zone Tech Team,497.386.3545,Night,Midwest
314,James Wheeler,Equipment Ops Team,001-835-761-8204x876,Morning,South
315,Daniel Peters,Automation Crew,597.562.3329,Morning,Northeast
316,Lisa Morris,Automation Crew,586-856-3429,Morning,West
317,Jane Best,Facility Repairs,2378956832,Evening,West
318,Julie Trevino,Maintenance Squad,424.832.6692x717,Night,Midwest
319,Jason Griffin,Facility Repairs,001-648-912-3072x51258,Evening,South
320,Diane Park,Automation Crew,4498544407,Night,Northeast
321,Walter Adams,Zone Tech Team,+1-776-654-0760x236,Evening,South
322,Meredith Swanson,Facility Repairs,9335055142,Morning,West
323,Nathan Callahan,Automation Crew,358.323.9168,Morning,South
324,Jennifer Wilson MD,Maintenance Squad,306-791-9844,Night,Midwest
325,John Snyder,Automation Crew,(558)896-5477,Evening,South
326,Carolyn James,Maintenance Squad,+1-608-328-9735x011,Night,South
327,Kristen Tran,Automation Crew,464.569.9013x6801,Morning,Northeast
328,Hannah Farley,Facility Repairs,(836)906-2608x2682,Morning,Northeast
329,Courtney Lewis,Maintenance Squad,(346)992-9337x321,Morning,South
330,Steven Cross,Equipment Ops Team,992-718-6115,Morning,West
331,Maria York,Automation Crew,(950)492-3164x466,Evening,Northeast
332,Edward Carroll,Zone Tech Team,428.423.7019x75583,Evening,West
333,Marie Reynolds,Equipment Ops Team,945-974-2129,Morning,Northeast
334,Angela Cox,Zone Tech Team,242-852-6339,Morning,West
335,Gina Smith,Zone Tech Team,+1-309-527-5606x61374,Evening,Midwest
336,Sean Vasquez,Maintenance Squad,670-827-5043x0358,Morning,Midwest
337,Mrs. Sandra Johnson,Zone Tech Team,(548)498-6122x372,Night,Northeast
338,Angela Phillips,Automation Crew,600-629-4816x8262,Evening,South
339,Denise Silva,Zone Tech Team,(851)784-4982x84262,Evening,South
340,Matthew Rowe,Equipment Ops Team,671-381-1047x09943,Evening,Midwest
341,Jacob Solomon,Maintenance Squad,494-569-1857,Night,South
342,Michael Porter,Equipment Ops Team,403.625.1188x049,Night,Northeast
343,Jennifer Valentine,Facility Repairs,+1-632-594-4605x6461,Evening,West
344,Michaela Williams,Automation Crew,510-623-3336x4267,Evening,South
345,Nicole Smith,Automation Crew,(913)483-1990x585,Night,West
346,Becky Rush,Automation Crew,987-649-1949,Evening,Northeast
347,Karen Harrison,Maintenance Squad,+1-754-450-2013x49119,Evening,South
348,Molly Gonzalez,Facility Repairs,836.804.1883x4589,Evening,South
349,Willie Robinson,Automation Crew,721-632-9228x6286,Morning,Midwest
350,David Miller,Equipment Ops Team,5022636379,Night,West
351,James Patterson,Zone Tech Team,804-679-9579x860,Night,South
352,Michael Crane,Automation Crew,+1-282-522-5316x789,Morning,South
353,Zachary Owen,Zone Tech Team,328.877.9331x7464,Evening,Northeast
354,Christina Guzman,Zone Tech Team,+1-220-596-2692x719,Night,South
355,Tyler Hahn,Automation Crew,(342)340-1064,Evening,Northeast
356,Maria Cabrera,Maintenance Squad,+1-356-798-4801x817,Night,Midwest
357,Jay Hughes,Automation Crew,001-360-548-2230x610,Night,West
358,Jacob Johnson,Maintenance Squad,(529)728-5135x900,Evening,West
359,Sabrina Hall,Automation Crew,595-650-1679x57009,Night,South
360,Michelle Hernandez,Equipment Ops Team,240-974-9548x26475,Night,Midwest
361,Matthew Davis,Zone Tech Team,(644)264-3280,Night,West
362,Jeanette Cantu DDS,Zone Tech Team,330.820.0772x86953,Evening,Midwest
363,Erica Reyes,Automation Crew,001-865-964-9543x2828,Morning,West
364,Robert Thomas,Automation Crew,(621)336-3651,Night,West
365,Jennifer Griffin,Automation Crew,+1-918-434-9588x79319,Evening,West
366,Ann Richards,Equipment Ops Team,001-320-456-6504x03821,Night,Northeast
367,Amanda Scott,Maintenance Squad,586.706.2266x46990,Night,Midwest
368,Mackenzie Hernandez,Maintenance Squad,(581)939-8050x27372,Evening,Midwest
369,Erica Ramos,Facility Repairs,384-913-6748,Morning,Midwest
370,Sonya Reese,Automation Crew,506-781-7704,Evening,Midwest
371,Amy Clark,Equipment Ops Team,257.876.5588,Morning,Northeast
372,Amy Richards,Zone Tech Team,001-718-779-8823x84885,Night,Northeast
373,Jason Rice,Facility Repairs,618-551-1221x8321,Morning,Northeast
374,Christopher Jenkins,Automation Crew,927-808-7747x211,Evening,West
375,Thomas Herrera,Equipment Ops Team,001-926-900-9833,Evening,Midwest
376,Abigail Henderson MD,Zone Tech Team,001-230-514-7050x5497,Evening,South
377,Manuel Woods,Zone Tech Team,(924)848-3132x6379,Night,West
378,Thomas Walker,Maintenance Squad,7478251768,Evening,Northeast
379,Jessica Mcdonald,Equipment Ops Team,981.573.2054,Evening,Northeast
380,Barbara Moses,Equipment Ops Team,(458)762-9519x3784,Night,Midwest
381,Daniel Quinn,Maintenance Squad,(723)435-4043,Morning,Northeast
382,Andrew Bradley,Equipment Ops Team,001-379-700-3521x41671,Evening,Midwest
383,Christopher Baker,Zone Tech Team,(212)417-3106,Evening,Northeast
384,George Harvey,Automation Crew,001-409-578-3613x800,Evening,West
385,Jodi Stanton,Zone Tech Team,(471)884-5162,Evening,South
386,Megan West,Zone Tech Team,+1-592-341-4688x978,Evening,Northeast
387,Peter King,Zone Tech Team,+1-981-335-3585x824,Morning,South
388,Larry Simmons,Zone Tech Team,902-463-0018x1910,Night,West
389,Bradley Webb,Facility Repairs,(680)962-7727x65632,Morning,Northeast
390,Stacey Garcia,Zone Tech Team,322.753.9257x0574,Morning,Northeast
391,Jeffery Hester,Zone Tech Team,6523943998,Evening,Midwest
392,Anthony Schroeder,Facility Repairs,859-842-4308x1624,Night,West
393,Jennifer Rivers,Automation Crew,516.232.6185,Evening,Northeast
394,Christopher Love,Facility Repairs,+1-828-438-9135,Morning,Northeast
395,Alex Rowe,Maintenance Squad,(496)276-4001,Night,West
396,Leslie Campbell,Equipment Ops Team,538-230-8790x0730,Evening,Midwest
397,Jared Moreno,Maintenance Squad,320-799-9775,Morning,West
398,Jessica Stone,Maintenance Squad,+1-483-879-5724x606,Evening,Northeast
399,Jeffrey Vazquez,Automation Crew,(490)907-0723x0087,Night,South
400,Angel Torres,Automation Crew,2499902330,Night,West
401,Ryan Miller,Automation Crew,001-701-746-1745x1202,Evening,South
402,Miguel Diaz,Equipment Ops Team,731-670-4571,Morning,Northeast
403,Michael Young DDS,Equipment Ops Team,(834)274-8488x122,Morning,South
404,Kathleen Thomas,Zone Tech Team,001-914-859-0785,Evening,Northeast
405,Sean Pierce,Automation Crew,2223909053,Evening,West
406,Richard Robinson,Maintenance Squad,(884)611-2672,Evening,Midwest
407,Donna Sutton,Maintenance Squad,236-926-6229x20897,Evening,West
408,Lisa Acevedo,Zone Tech Team,947-353-1560x77119,Night,South
409,Sharon Walsh,Facility Repairs,414-945-1281x4597,Morning,South
410,Carrie Sullivan,Equipment Ops Team,6806875939,Morning,South
411,Jeffrey Sullivan,Equipment Ops Team,852-653-2846x1839,Evening,South
412,Ethan Cunningham,Facility Repairs,+1-256-894-4829x1563,Night,Midwest
413,Elizabeth Henderson,Maintenance Squad,977-483-2389x57535,Morning,Midwest
414,Devin Cruz,Maintenance Squad,868-461-0777,Morning,Northeast
415,Lisa Carlson,Zone Tech Team,6856166628,Morning,South
416,Matthew Montgomery,Equipment Ops Team,(205)631-3656x1386,Night,Northeast
417,Dawn Zhang,Equipment Ops Team,+1-623-679-6397x148,Night,West
418,Linda George,Facility Repairs,001-424-890-9425x3150,Night,South
419,Tammy Wilson,Maintenance Squad,552-861-1739,Morning,Northeast
420,Nicole Sullivan,Equipment Ops Team,975-261-3571,Night,Northeast
421,Amanda Walls DDS,Automation Crew,001-804-757-1267x79704,Night,Northeast
422,Benjamin Elliott,Facility Repairs,(703)816-1958,Night,West
423,Ms. Jessica Schmidt,Automation Crew,(983)687-4581x754,Night,Midwest
424,Tiffany Chavez,Facility Repairs,325.864.8139x3075,Morning,South
425,Stephanie Rice,Facility Repairs,(310)731-9667x07997,Evening,Northeast
426,Todd Conner,Equipment Ops Team,724.920.9594x2689,Night,West
427,Russell Lowe,Maintenance Squad,(400)743-3888,Night,West
428,Joshua Hill,Maintenance Squad,(495)881-9763,Evening,South
429,Dalton Montgomery,Equipment Ops Team,742-740-2675x1221,Night,Northeast
430,Katie Johnson,Zone Tech Team,+1-697-651-1361x14638,Night,South
431,Jerry Jacobs,Automation Crew,909-476-3315,Morning,West
432,Nicole Mcpherson,Zone Tech Team,(836)707-2016x03763,Night,Northeast
433,Katrina Jones,Facility Repairs,959-925-7902,Night,West
434,Calvin Barber,Zone Tech Team,7879279828,Night,South
435,Lauren Knight,Automation Crew,6645448983,Morning,South
436,Julie Price,Automation Crew,541-589-8057,Evening,Midwest
437,Sharon Hopkins,Zone Tech Team,(971)819-9975x9073,Night,Midwest
438,John Aguilar,Equipment Ops Team,(849)217-9630x6857,Morning,South
439,Pamela Rodriguez,Maintenance Squad,001-732-348-9154x567,Morning,Midwest
440,Ms. Laura Mooney DVM,Facility Repairs,001-620-869-5403x9002,Evening,Midwest
441,Michelle Williams,Equipment Ops Team,360-853-9069x89789,Evening,Northeast
442,Kenneth Williams,Facility Repairs,+1-372-305-1368x5734,Morning,Midwest
443,Jennifer Taylor,Zone Tech Team,353.568.8153x0418,Evening,Northeast
444,Yolanda Jacobson,Equipment Ops Team,926.469.5162,Evening,South
445,Heather Davidson,Automation Crew,543.459.7393x64259,Night,South
446,Catherine Bush,Zone Tech Team,001-483-745-7626x2260,Evening,Midwest
447,Dana Perkins,Automation Crew,(994)818-8946x1978,Night,Northeast
448,Amanda Stanton,Facility Repairs,399-827-6742x13767,Night,Midwest
449,Courtney Turner,Equipment Ops Team,(656)854-0958,Night,South
450,Lee Vargas,Facility Repairs,(493)615-3985,Night,Northeast
451,Rebecca Scott,Zone Tech Team,(479)497-5884,Night,West
452,Justin Brown,Zone Tech Team,992-444-9193,Evening,Midwest
453,Joseph Young,Equipment Ops Team,343-443-6061x002,Night,South
454,Sarah Marquez,Facility Repairs,001-707-400-8729,Evening,Northeast
455,Amanda Williams,Equipment Ops Team,432.954.1738x75492,Night,Midwest
456,Mary Cole,Automation Crew,+1-715-594-6025,Night,Northeast
457,Daniel Torres,Maintenance Squad,2814197658,Morning,Northeast
458,Omar Mcgee,Automation Crew,001-872-744-7125x037,Evening,Northeast
459,Patrick Sosa,Equipment Ops Team,+1-391-481-8460x8865,Night,West
460,Amber Ford,Equipment Ops Team,646.253.2078x8657,Evening,West
461,Julia Martinez,Equipment Ops Team,001-290-990-0510,Morning,Northeast
462,Ronald Martinez,Facility Repairs,+1-832-688-5326x72577,Evening,Northeast
463,Tracy Leonard,Automation Crew,(691)775-3258,Night,West
464,Christine Zamora,Maintenance Squad,001-371-702-1802x6397,Night,Midwest
465,Jason Garcia,Zone Tech Team,001-224-202-7143x851,Evening,West
466,Taylor Lopez,Facility Repairs,867-822-8319x2369,Morning,Midwest
467,Jennifer Nelson,Automation Crew,383-832-2178x82625,Night,South
468,Donald Lynn,Facility Repairs,730.583.4926,Night,West
469,Juan Gibson,Maintenance Squad,(590)768-9855,Morning,Northeast
470,Nicole Hunter,Equipment Ops Team,+1-506-732-2031x4666,Night,South
471,Joshua James,Facility Repairs,001-733-339-7507x8483,Evening,Midwest
472,Howard Anderson,Facility Repairs,(808)937-1271x25860,Evening,West
473,Brian Watkins,Zone Tech Team,001-297-284-9264,Evening,West
474,Caitlin Matthews,Equipment Ops Team,579.935.7747x7089,Evening,South
475,Jillian Palmer,Facility Repairs,(877)302-1674,Night,Northeast
476,Donald Garcia,Zone Tech Team,538-230-6083,Evening,South
477,Jose Campos,Automation Crew,383.204.5622,Night,Northeast
478,Deborah Sanchez,Facility Repairs,(269)475-2585x1984,Night,Northeast
479,Richard Larson,Maintenance Squad,(448)622-1163x39538,Evening,South
480,Richard Rivers,Equipment Ops Team,5154585706,Morning,West
481,Donald Howard,Zone Tech Team,(377)736-9289x87072,Night,Northeast
482,Jermaine Patel,Equipment Ops Team,583-398-3925x0269,Night,West
483,Nathaniel Lee,Facility Repairs,(618)305-9891x0255,Evening,Northeast
484,David Rubio,Equipment Ops Team,001-437-675-4304,Morning,West
485,Joseph Griffin,Facility Repairs,001-936-897-5054x008,Night,South
486,Paul Smith,Equipment Ops Team,(892)621-1380x19214,Evening,West
487,Tiffany Hendricks DDS,Automation Crew,+1-948-412-9887x434,Evening,Midwest
488,Daniel Acevedo,Facility Repairs,696.890.7133,Evening,West
489,Seth Bush,Zone Tech Team,4687655044,Morning,West
490,Julie Young,Facility Repairs,001-449-758-7712,Night,Northeast
491,Rachel Brown,Zone Tech Team,001-782-581-8312x51896,Night,West
492,Autumn Obrien,Maintenance Squad,612-740-3987,Evening,Midwest
493,David Garcia,Equipment Ops Team,654.728.5763,Morning,South
494,Kyle Shaffer,Automation Crew,+1-819-884-3647x4886,Evening,South
495,Carla Reese,Facility Repairs,484.867.5707,Evening,South
496,Brenda Phelps,Equipment Ops Team,(575)365-4039x2969,Morning,Midwest
497,Scott Middleton,Automation Crew,(519)302-8102,Morning,Northeast
498,Ronald Bridges,Zone Tech Team,(655)365-0857,Evening,Northeast
499,Martha Valentine,Maintenance Squad,001-423-857-4812x55821,Night,Northeast
500,Matthew Smith,Maintenance Squad,7908188208,Night,West
501,Gloria Whitaker,Equipment Ops Team,738.478.5918x957,Evening,South
502,Tanya Schmidt,Equipment Ops Team,+1-281-990-6183x092,Evening,South
503,Benjamin Martinez,Zone Tech Team,+1-787-814-9728x46265,Morning,West
504,Stephanie Bell,Zone Tech Team,+1-406-791-7034x110,Evening,West
505,David Russo,Automation Crew,+1-247-913-7331x3684,Evening,South
506,Shelby Lane,Facility Repairs,356.932.0046x79689,Morning,Northeast
507,Daniel Dunn,Maintenance Squad,(819)327-0557,Night,West
508,Deborah Dennis,Automation Crew,309-616-1633x3013,Night,Midwest
509,Mariah Valenzuela,Zone Tech Team,596.586.4964x2441,Morning,South
510,Michael Gay,Maintenance Squad,735.420.3592x4157,Evening,Midwest
511,Krista Chapman,Maintenance Squad,001-596-788-9582x690,Evening,West
512,Julie Raymond,Facility Repairs,001-497-440-1950,Morning,Midwest
513,Nicholas Hernandez,Equipment Ops Team,(433)264-7511x715,Night,South
514,Michael Rodriguez,Zone Tech Team,931-411-3344,Night,Midwest
515,Kristina Young,Facility Repairs,472-981-3727x88401,Evening,West
516,Veronica Lee,Equipment Ops Team,3844824014,Evening,South
517,Alicia Bennett,Facility Repairs,262-448-5130x3639,Evening,Northeast
518,Brian Figueroa,Maintenance Squad,900-307-0571,Morning,Midwest
519,Carol Jennings,Automation Crew,(348)875-9594,Evening,Northeast
520,Corey Contreras,Facility Repairs,9143617793,Night,West
521,Claudia Nicholson MD,Equipment Ops Team,217-916-8297,Evening,Northeast
522,Douglas Hayes,Equipment Ops Team,(494)559-8359x588,Evening,Midwest
523,Robert Maxwell,Automation Crew,5502734433,Evening,West
524,Keith Jarvis,Zone Tech Team,879.933.3500x76750,Morning,Northeast
525,Judy Campos,Facility Repairs,742.517.9912x344,Night,West
526,Christine Jones,Automation Crew,001-916-933-3419x3071,Night,Northeast
527,Michelle Duncan,Facility Repairs,+1-565-793-0554x159,Evening,West
528,Suzanne Cunningham,Facility Repairs,001-965-315-8644x1060,Night,Midwest
529,Gary Osborn,Maintenance Squad,(697)312-5765x7398,Evening,West
530,Amanda Mitchell,Maintenance Squad,001-592-794-7767x17804,Morning,West
531,Bradley Gregory MD,Maintenance Squad,001-768-555-7894,Morning,South
532,Kaitlin Johnson,Maintenance Squad,8589256387,Evening,Midwest
533,Rebecca Moore,Automation Crew,740-910-3994x0874,Evening,South
534,Jennifer Young,Maintenance Squad,602-932-8811x94068,Evening,West
535,Wesley Salazar,Zone Tech Team,532-629-0598x67856,Evening,South
536,Rebecca Ross,Automation Crew,298-553-5482,Evening,Northeast
537,John Orr,Equipment Ops Team,751.348.8906x74852,Morning,West
538,Kristen Smith,Equipment Ops Team,961-554-4650x42803,Night,West
539,Lisa Friedman,Maintenance Squad,522-431-9680x33939,Evening,South
540,Danny Miller,Zone Tech Team,001-906-626-2709x89376,Night,Midwest
541,Jennifer Howell,Automation Crew,(353)398-9666,Night,South
542,Erin Wong,Zone Tech Team,(346)836-0531,Evening,South
543,Valerie Jones,Automation Crew,494.472.6431,Night,West
544,Angela Fitzgerald,Facility Repairs,001-229-931-0895x259,Night,South
545,Jared Dudley,Equipment Ops Team,2997473388,Evening,South
546,Richard Miller,Equipment Ops Team,+1-547-848-3798x3331,Evening,Midwest
547,Brandon Figueroa,Facility Repairs,9815279123,Night,Midwest
548,Christina Leonard,Equipment Ops Team,+1-517-872-3313x65517,Night,South
549,Angel Lane,Automation Crew,001-378-325-6531x886,Morning,Midwest
550,Alan Joyce,Equipment Ops Team,001-723-688-9021,Morning,West
551,Edward Williams,Automation Crew,+1-413-780-8626x59764,Evening,Northeast
552,Steven Harris,Automation Crew,+1-750-294-8704x20951,Morning,Midwest
553,Jennifer Nguyen,Equipment Ops Team,354-956-6433x2480,Evening,West
554,Thomas Boyd,Zone Tech Team,507.625.4479,Night,West
555,Anthony Bennett,Automation Crew,(799)327-2629,Night,South
556,Rachael Kidd,Maintenance Squad,001-785-814-7766x7741,Night,West
557,Mark Bruce,Equipment Ops Team,2035080163,Evening,Midwest
558,Courtney Stevenson,Maintenance Squad,(856)859-8837x86583,Evening,Midwest
559,Jessica Holmes,Zone Tech Team,001-415-970-8285,Morning,South
560,Frank Clark,Zone Tech Team,+1-609-435-5654x7233,Night,Midwest
561,Alice Stewart,Zone Tech Team,001-533-617-6545x95351,Night,Northeast
562,Nancy Wong,Maintenance Squad,+1-494-731-5460x0173,Night,South
563,Nichole Thompson,Maintenance Squad,410-797-5623,Morning,Midwest
564,David Conley Jr.,Facility Repairs,(688)440-8000x68969,Morning,Midwest
565,Alexis Lewis,Zone Tech Team,920-722-3501x2980,Morning,West
566,Brittany Martin,Maintenance Squad,001-253-888-0254x07255,Morning,Midwest
567,Gregory Cook,Automation Crew,857.335.4402x9976,Evening,South
568,Jeffrey Day,Equipment Ops Team,+1-561-885-7188,Morning,South
569,Lindsey Mcdaniel,Facility Repairs,+1-500-488-0065x2277,Evening,Northeast
570,James Spencer,Equipment Ops Team,236-576-7869,Evening,Midwest
571,Nathan Patterson,Automation Crew,(816)484-9699x114,Evening,Northeast
572,James Brown,Equipment Ops Team,701.513.7067,Night,West
573,Bradley Ballard,Equipment Ops Team,+1-673-379-9872,Morning,South
574,Christopher Cooper,Facility Repairs,884.265.9849x324,Evening,West
575,Christopher Whitehead,Maintenance Squad,+1-549-431-0400,Morning,Midwest
576,Richard Esparza,Automation Crew,+1-799-609-0165x701,Evening,West
577,Cheryl Rowland,Zone Tech Team,(308)575-7566,Night,Northeast
578,Aaron Cook,Maintenance Squad,716-592-1304,Evening,Midwest
579,Jorge Wiggins,Zone Tech Team,211.369.5237,Evening,Midwest
580,Ronald Calhoun,Facility Repairs,638-515-4295x26961,Night,South
581,Laura Garza,Automation Crew,+1-389-550-0547,Evening,South
582,Dana Lewis,Facility Repairs,001-727-575-6241,Evening,South
583,Gary Barber,Maintenance Squad,001-778-496-7683x6346,Morning,Midwest
584,Jacob Clements,Automation Crew,567.574.6725x6308,Night,West
585,Elizabeth Brown,Facility Repairs,556-621-1417,Morning,Northeast
586,Stephanie Snyder,Equipment Ops Team,595.526.4630,Morning,Midwest
587,Ernest Richardson,Equipment Ops Team,+1-848-491-3979x222,Evening,Midwest
588,Misty Caldwell,Automation Crew,(236)877-1480x33981,Morning,Northeast
589,Chelsea Johns DDS,Zone Tech Team,+1-332-364-0587,Night,South
590,Daniel Blackwell,Equipment Ops Team,521.623.9954,Morning,West
591,Brandon Martinez,Maintenance Squad,827.890.0207x2910,Night,Midwest
592,Heather Hunt,Automation Crew,(713)444-8731x67355,Night,Midwest
593,Ricky Dunn,Automation Crew,001-984-271-0247x4848,Morning,Midwest
594,Anita Sloan,Automation Crew,939-594-4410,Night,Northeast
595,Brett Stevens,Equipment Ops Team,+1-401-470-2877x177,Night,Midwest
596,Kelly Ortiz,Zone Tech Team,+1-712-360-8574x0567,Morning,West
597,Paul Owen,Equipment Ops Team,001-792-644-7415,Morning,Northeast
598,Mallory Lawson,Equipment Ops Team,786-610-8489x41300,Morning,Midwest
599,Edgar Hayes,Facility Repairs,527.404.8616,Morning,West
600,Juan Harvey MD,Automation Crew,702.847.1854,Morning,Midwest
601,Ashley Moody,Automation Crew,+1-534-799-6359x8544,Evening,South
602,Holly Robinson,Maintenance Squad,249-337-1085,Morning,West
603,Jennifer Sexton,Facility Repairs,001-293-249-1682,Morning,Northeast
604,Brenda Wolfe,Maintenance Squad,859-897-6404,Evening,South
605,Cassie King,Facility Repairs,+1-357-536-1256x501,Night,South
606,Anthony Glover,Zone Tech Team,762-438-8943,Night,South
607,Travis Johnson,Facility Repairs,(223)918-3951x70774,Morning,Midwest
608,Jeffrey Mitchell,Equipment Ops Team,791.466.9154x72058,Morning,Midwest
609,Tiffany Smith,Automation Crew,+1-257-244-2203,Night,Northeast
610,Katherine Mcconnell,Zone Tech Team,875-330-7160x048,Morning,South
611,Stephanie Miller,Facility Repairs,(453)749-1359x856,Evening,West
612,Daniel Hall,Maintenance Squad,550.393.2377,Night,Northeast
613,Margaret Smith,Zone Tech Team,001-696-329-6187,Evening,South
614,Jonathan Larson,Automation Crew,001-834-902-0426x9452,Night,South
615,Randall Porter,Zone Tech Team,840-826-4812x5501,Morning,South
616,Kristen Wallace,Facility Repairs,(470)424-4246x98124,Night,Northeast
617,Michael Santiago,Facility Repairs,463-532-2838,Evening,West
618,Joseph Ramos,Zone Tech Team,656-529-0303x0969,Evening,Midwest
619,Robert Holmes,Automation Crew,(284)247-8409x7975,Night,Northeast
620,Maria Walls,Automation Crew,241.599.8200x6359,Evening,Northeast
621,Michael Coleman,Maintenance Squad,(267)929-0238,Evening,Northeast
622,Rachel Aguilar,Facility Repairs,001-888-514-5997x56056,Night,Northeast
623,Michael Tucker,Automation Crew,001-452-945-9386x9033,Morning,West
624,Debra Davis,Automation Crew,268-686-5231,Morning,West
625,Nicolas Branch,Maintenance Squad,+1-734-254-1697x6338,Evening,South
626,Roy Cox,Equipment Ops Team,(826)906-5873x878,Morning,Northeast
627,Nicole Perry,Facility Repairs,+1-265-216-8976x30236,Morning,Midwest
628,Richard Brown,Maintenance Squad,001-472-319-9184,Morning,Northeast
629,Jeffrey Johnson,Zone Tech Team,689-209-9577,Morning,West
630,Jennifer Wilson,Maintenance Squad,(850)334-6070,Morning,South
631,Laura Christian,Automation Crew,+1-302-602-5509x2811,Night,South
632,Connor Boyd,Maintenance Squad,7442990947,Evening,South
633,Adam Alvarado,Equipment Ops Team,001-456-741-1893x12526,Morning,South
634,Stephanie Roberson,Facility Repairs,+1-690-843-2792x9792,Morning,Midwest
635,Rodney Garza,Maintenance Squad,402.988.2802,Night,Northeast
636,Joshua Gilbert,Facility Repairs,630-238-5179,Morning,Northeast
637,Rachel Gomez,Maintenance Squad,001-713-559-8357x9071,Morning,South
638,Michael Ross,Facility Repairs,779-649-8817,Morning,Midwest
639,Philip Boyer,Equipment Ops Team,+1-461-571-6557x711,Night,South
640,Robert Vargas,Automation Crew,415-819-2509x26531,Night,South
641,Brittney Perez,Facility Repairs,(444)493-3948,Night,Midwest
642,Christopher Vega,Facility Repairs,+1-745-505-1847x70718,Evening,Northeast
643,Melissa Hawkins,Facility Repairs,8383669061,Morning,Midwest
644,Nancy Brown,Maintenance Squad,501.978.5420,Evening,West
645,Lee Adams,Equipment Ops Team,001-358-830-5029x77793,Morning,West
646,Mr. Dustin Long,Facility Repairs,+1-887-550-7339x9264,Night,West
647,Teresa Sanders,Equipment Ops Team,+1-837-718-2786x586,Evening,Midwest
648,Matthew Turner,Automation Crew,689-882-6779x31485,Night,West
649,Ruth Romero,Equipment Ops Team,(561)222-5605x4087,Night,South
650,Jonathan Cook,Equipment Ops Team,(694)397-7774x9584,Night,Northeast
651,Keith Madden,Maintenance Squad,001-216-547-8162x2262,Morning,Midwest
652,Shane Wilson,Maintenance Squad,631-280-5345,Evening,Midwest
653,Daniel Woods,Zone Tech Team,725.931.4389x6490,Morning,Midwest
654,Desiree Allen,Zone Tech Team,398.450.2229,Evening,West
655,Tiffany Cox,Equipment Ops Team,+1-959-873-5206,Evening,Midwest
656,Cody Smith,Facility Repairs,717-400-4822x99895,Morning,West
657,Jacob Martinez,Maintenance Squad,+1-580-534-2055x09009,Night,South
658,Michelle Bowers,Automation Crew,320.734.3359x653,Night,South
659,Whitney Montgomery,Zone Tech Team,838-951-3419x215,Morning,West
660,Luis Hansen,Facility Repairs,001-547-637-9151x629,Night,Northeast
661,Brandi Anderson,Automation Crew,694.585.7387,Morning,Northeast
662,John Diaz,Equipment Ops Team,(226)745-5134x208,Night,South
663,Mike Macdonald,Automation Crew,+1-892-781-8848,Night,South
664,Holly Rogers,Facility Repairs,+1-551-907-6480x93965,Evening,Midwest
665,Sara Smith,Facility Repairs,435-673-6614x8353,Morning,West
666,Brian Grant,Zone Tech Team,001-837-873-7845x39491,Night,Northeast
667,Timothy Peterson,Facility Repairs,+1-230-437-3162,Night,Midwest
668,Stephanie Reyes,Zone Tech Team,6409867341,Morning,Midwest
669,Garrett Valenzuela,Zone Tech Team,646-886-1149,Morning,Midwest
670,Shane Moore,Zone Tech Team,(336)513-7280,Morning,Midwest
671,Kelli Nunez,Automation Crew,583.418.5425,Evening,Midwest
672,Shane Mcmahon,Equipment Ops Team,(214)400-4981x761,Evening,Northeast
673,Madeline Williams,Automation Crew,355-488-4516,Night,Midwest
674,Jesse Carpenter,Facility Repairs,793.577.6312x9825,Night,West
675,Christine Brown,Zone Tech Team,595-612-1753,Evening,West
676,Terri Diaz,Automation Crew,624-581-8710,Evening,West
677,Chelsey Rios,Zone Tech Team,6347449271,Evening,South
678,Adrienne Hoffman,Automation Crew,(568)271-6530x35255,Night,Midwest
679,Kyle Bruce,Facility Repairs,(296)502-5656x59435,Night,Midwest
680,Kari Williams,Equipment Ops Team,+1-899-672-7619x70836,Evening,West
681,Charles Peters,Equipment Ops Team,001-474-650-5078x240,Evening,Northeast
682,Jeffrey Jimenez,Zone Tech Team,(998)391-9803,Morning,Northeast
683,Renee Martin,Facility Repairs,718.601.2760,Morning,West
684,Jerry Garcia,Zone Tech Team,+1-619-275-6023,Night,Northeast
685,Dr. Tracy Whitaker MD,Zone Tech Team,407-986-1178,Evening,Northeast
686,Jose Miller,Maintenance Squad,727-922-7782x8571,Evening,Northeast
687,Jonathan Peterson,Maintenance Squad,+1-555-329-4390x496,Morning,South
688,Daniel Macdonald,Maintenance Squad,001-325-784-3767x3131,Evening,Midwest
689,Toni Johnson,Maintenance Squad,+1-932-466-5987x9934,Night,South
690,Valerie Gray,Automation Crew,001-519-521-9519x573,Evening,Midwest
691,Cory Reeves,Equipment Ops Team,(854)719-4720,Morning,Northeast
692,Mr. Walter Rivera,Automation Crew,393-698-5380x2620,Evening,South
693,Matthew Silva,Automation Crew,+1-372-926-5384x34294,Evening,South
694,Donna White,Equipment Ops Team,7274941235,Evening,South
695,William Noble,Facility Repairs,843-959-4396x5995,Evening,Northeast
696,Mikayla Bray,Automation Crew,489-947-1218x052,Morning,West
697,Meagan Anderson,Equipment Ops Team,394.516.7089x721,Morning,West
698,Colleen Wagner,Zone Tech Team,+1-230-648-0866x115,Morning,Northeast
699,Jason Hancock,Facility Repairs,970.239.7337x300,Evening,Midwest
700,Jeffery Deleon,Maintenance Squad,578.589.8040x2550,Morning,West
701,Barbara Gaines,Equipment Ops Team,640-707-9738x062,Morning,South
702,Russell Lawrence,Facility Repairs,+1-306-962-3489x08076,Night,Northeast
703,Bridget Pruitt,Maintenance Squad,399.911.0775,Night,Midwest
704,John Thomas,Zone Tech Team,(851)783-9980x14844,Morning,South
705,Kenneth Johnson,Equipment Ops Team,001-650-790-4976,Night,West
706,Denise Ramos,Zone Tech Team,995-902-7848x7703,Morning,West
707,Andrew Hall,Automation Crew,417.465.9583x1053,Evening,South
708,Erika Dennis,Zone Tech Team,931-615-6898,Night,South
709,David Wade DVM,Zone Tech Team,602-434-7288,Evening,Northeast
710,Andrea Gibbs,Facility Repairs,840-348-8610x632,Night,West
711,Kelsey Pearson,Equipment Ops Team,922-378-6550x45007,Evening,West
712,Christine Mcneil,Facility Repairs,(482)236-4977x92100,Evening,Midwest
713,Ashley Garcia,Equipment Ops Team,+1-611-338-4147,Morning,Midwest
714,David Richards,Zone Tech Team,533.790.0079,Morning,Northeast
715,Douglas Martinez,Equipment Ops Team,+1-338-214-8585,Night,South
716,Laura Navarro,Zone Tech Team,958.742.4634,Morning,South
717,Megan Ruiz,Equipment Ops Team,+1-823-875-6801x877,Evening,South
718,Jennifer Rivera,Maintenance Squad,822.713.6270x34306,Evening,South
719,Brandon Holloway,Equipment Ops Team,304.765.6657x9995,Night,West
720,Tracy Perez,Facility Repairs,812.852.4697x782,Evening,Midwest
721,Omar Ponce,Automation Crew,624.762.1257x830,Night,West
722,Richard Banks,Zone Tech Team,566.341.3208x623,Morning,West
723,Stephanie Harris,Facility Repairs,001-921-373-3774x080,Morning,Midwest
724,Daniel Stafford,Zone Tech Team,(886)788-0610,Morning,South
725,Shannon Long,Facility Repairs,+1-223-410-6095x942,Night,South
726,Andrea Torres,Equipment Ops Team,899-259-6026,Night,West
727,Misty Rangel,Equipment Ops Team,666-774-8650,Night,Northeast
728,Denise Curtis,Automation Crew,+1-883-507-8263x064,Morning,Northeast
729,Brandon Fox,Automation Crew,(219)370-6020x60826,Evening,South
730,Kathy Ward,Maintenance Squad,5339579885,Morning,South
731,Julie Barnett,Automation Crew,(890)330-4108x693,Evening,Northeast
732,Charles Miller,Equipment Ops Team,658.457.2896x6101,Night,West
733,Daniel Cabrera,Equipment Ops Team,001-425-559-5900x66653,Morning,West
734,Mary Drake,Automation Crew,001-668-234-9415x52255,Night,Midwest
735,Jacob Daniel,Equipment Ops Team,307.472.1579,Night,Midwest
736,Adam Cruz,Maintenance Squad,001-330-926-9744x94802,Morning,Midwest
737,Chris Shea,Maintenance Squad,001-783-782-2042x042,Evening,West
738,Cody Douglas,Zone Tech Team,641-819-8615,Evening,West
739,Jose Peterson,Automation Crew,445.636.6516,Morning,West
740,Emily Hicks,Equipment Ops Team,+1-985-463-5826x254,Evening,Northeast
741,Jacob Shaffer,Facility Repairs,+1-370-529-6251x872,Night,Northeast
742,Melissa Smith,Facility Repairs,+1-259-585-8391x8505,Night,Northeast
743,Teresa Powell,Maintenance Squad,+1-889-271-6762x3113,Night,South
744,Randy Baker,Facility Repairs,(626)944-9028x65167,Evening,West
745,Nicholas Johnson,Maintenance Squad,508-711-2636,Morning,Midwest
746,Lindsey Campbell,Equipment Ops Team,837-979-3827x427,Evening,South
747,Michelle Brooks,Zone Tech Team,001-592-242-0986x9086,Night,Midwest
748,Daniel Holder,Maintenance Squad,(349)224-2109x182,Evening,West
749,Eduardo Singh,Zone Tech Team,(291)313-1124,Night,West
750,Kayla Jackson,Zone Tech Team,876-580-4996x503,Night,Midwest
751,Charles Garrett,Facility Repairs,4866118524,Evening,Midwest
752,Joann Scott,Facility Repairs,7999098387,Morning,Midwest
753,Nathaniel White,Maintenance Squad,527.467.3119x405,Night,Northeast
754,Kevin Simmons,Zone Tech Team,+1-742-212-0543x37350,Morning,South
755,Carrie Simpson,Zone Tech Team,001-718-319-9554,Evening,South
756,Joseph Bell,Automation Crew,(761)547-4257x2184,Night,West
757,Duane Rangel,Maintenance Squad,001-814-214-1810x85528,Night,West
758,Heidi Blankenship,Facility Repairs,+1-553-688-0289x29618,Morning,Midwest
759,Mr. Joseph Garrett DDS,Automation Crew,956-813-9799x2147,Evening,Midwest
760,Amber Mcclain,Equipment Ops Team,+1-210-302-1450,Morning,Midwest
761,Daniel Freeman,Facility Repairs,4723937177,Night,Midwest
762,Daisy Herrera,Equipment Ops Team,+1-957-886-7052,Night,Midwest
763,Suzanne Cook,Zone Tech Team,(771)972-4484x9169,Morning,Midwest
764,Jessica Gamble,Automation Crew,3376734149,Evening,Northeast
765,Kathleen Peterson,Facility Repairs,914.232.5860,Morning,West
766,Adam Hill,Maintenance Squad,+1-831-307-2670x6711,Night,Midwest
767,Jason Hughes,Zone Tech Team,(267)224-5387,Morning,West
768,Terry Morrison,Equipment Ops Team,372.742.9640x9899,Evening,West
769,Kristine Martin,Maintenance Squad,(382)311-4598,Evening,Northeast
770,Mathew Vega,Maintenance Squad,+1-842-319-4785,Morning,South
771,Ashley Lewis,Facility Repairs,640-242-0471x338,Morning,Northeast
772,Angelica Coleman,Facility Repairs,392-467-0949x54650,Night,Midwest
773,Tiffany Johnson,Zone Tech Team,884-620-5673x18363,Evening,West
774,Melissa Hernandez,Equipment Ops Team,(689)431-4954x9026,Night,West
775,Melody Randall,Zone Tech Team,7707284698,Morning,South
776,Andrew Martin,Equipment Ops Team,001-593-904-2074x76011,Evening,South
777,David Compton,Maintenance Squad,4892990025,Morning,South
778,Lindsay Ortiz,Equipment Ops Team,+1-696-715-0242,Evening,South
779,Cynthia Rodriguez,Facility Repairs,001-407-416-8237,Night,Northeast
780,Carrie Bennett,Maintenance Squad,807.733.7664,Evening,Midwest
781,John Mcdaniel,Equipment Ops Team,+1-922-286-7845x20004,Night,South
782,Lacey Sanchez,Zone Tech Team,001-787-519-1731x90964,Evening,Northeast
783,Jennifer Alexander,Maintenance Squad,001-284-266-9806x580,Morning,West
784,Karen Harris,Zone Tech Team,512.890.0053x23282,Night,West
785,Courtney Berg,Automation Crew,001-448-657-1962x093,Morning,Northeast
786,Jason Weiss,Zone Tech Team,(915)462-3319x06114,Morning,Midwest
787,Molly Jones,Facility Repairs,(365)913-4246x92006,Evening,West
788,Mr. David Logan DDS,Zone Tech Team,001-353-552-0808,Morning,Midwest
789,Melissa Miller,Zone Tech Team,+1-324-698-2032,Evening,Midwest
790,Travis Smith,Facility Repairs,+1-238-297-7599x01897,Evening,South
791,Richard Dixon,Maintenance Squad,903-333-6473x87858,Morning,South
792,Patricia Parks,Automation Crew,4789295229,Evening,West
793,Susan Newman,Facility Repairs,999-442-3535,Night,West
794,Nina Johnson,Zone Tech Team,001-597-300-7350,Night,Midwest
795,Mr. Gilbert Hernandez,Zone Tech Team,+1-745-924-8826x485,Evening,Northeast
796,Lori Smith,Equipment Ops Team,424-945-4027,Evening,Midwest
797,Michael Frank,Automation Crew,422.731.7824x9184,Evening,Northeast
798,Leon Reyes,Equipment Ops Team,+1-565-550-3546,Night,Midwest
799,Jerry Curtis,Equipment Ops Team,(562)637-5600x491,Night,South
800,Austin Moore,Automation Crew,5316974108,Evening,West
801,Kenneth Cochran,Equipment Ops Team,269-312-7148x755,Evening,West
802,Mario Warren,Facility Repairs,914-731-7099,Evening,West
803,James Rios,Facility Repairs,001-743-788-6954,Evening,Midwest
804,Bryan Thomas,Zone Tech Team,(841)912-6432x7370,Evening,Midwest
805,Amanda Kline,Maintenance Squad,580-501-3395,Evening,Midwest
806,Brian Norton,Automation Crew,(752)663-7937x262,Morning,Midwest
807,Debbie Garcia,Equipment Ops Team,+1-851-599-1932x897,Night,Northeast
808,Scott Davidson,Maintenance Squad,001-536-973-1543x05924,Night,West
809,David Leblanc,Equipment Ops Team,9868588387,Morning,West
810,Michelle Joseph,Automation Crew,976-989-0114x23215,Night,West
811,Sharon Johnson,Zone Tech Team,943-479-4887x19832,Morning,Northeast
812,Jose Cummings,Zone Tech Team,269.757.8324x46629,Night,West
813,Timothy Fields,Zone Tech Team,001-447-338-3009,Morning,Northeast
814,Sara Allen,Facility Repairs,833-706-8858,Evening,South
815,Jonathan Briggs,Equipment Ops Team,610-806-3678x9194,Morning,Northeast
816,Justin Soto,Equipment Ops Team,755.839.2697x2592,Morning,Northeast
817,Thomas Wallace,Maintenance Squad,001-373-376-5999,Evening,Midwest
818,Amber Kennedy,Facility Repairs,350.402.5772x7983,Evening,South
819,Tyler Brown,Facility Repairs,5844781852,Night,Northeast
820,Kathy Hernandez,Maintenance Squad,593.724.9919x63326,Night,West
821,Brenda Powers,Automation Crew,(692)642-7694x9424,Morning,Northeast
822,Angela Ramirez,Zone Tech Team,928-321-0403x79917,Evening,West
823,Danielle Thompson DVM,Maintenance Squad,001-912-600-1403,Night,South
824,Michael Phillips,Automation Crew,903.536.6027,Night,South
825,Victoria Rodgers,Facility Repairs,001-359-619-8599x2784,Morning,South
826,Susan Thompson,Automation Crew,991-773-9499,Evening,West
827,Michael Odonnell,Facility Repairs,+1-648-229-7687x28726,Night,Midwest
828,Logan Cardenas,Maintenance Squad,+1-208-276-8476x14482,Morning,South
829,Erica Thompson,Equipment Ops Team,538-700-4239,Evening,Midwest
830,Mrs. Lisa Roman DDS,Facility Repairs,+1-254-423-5935x7879,Morning,West
831,Andrew Davis,Automation Crew,+1-824-295-0366x34055,Morning,West
832,Robert Morgan,Facility Repairs,+1-365-906-6562x67168,Morning,West
833,Timothy Munoz,Equipment Ops Team,(378)347-9254x8669,Morning,South
834,Wendy Williams,Equipment Ops Team,513-625-9645x5195,Morning,West
835,Pamela Jones,Automation Crew,383-632-0486,Morning,Northeast
836,Joe Pace,Zone Tech Team,+1-314-793-2976x45857,Morning,West
837,Steven Wright,Zone Tech Team,001-733-906-5581x77899,Night,South
838,Gregory Mora,Zone Tech Team,2259225574,Evening,Northeast
839,Crystal Sanchez,Zone Tech Team,(236)645-5863x763,Evening,Midwest
840,Shawn Bell,Facility Repairs,+1-646-240-6466x4122,Night,Northeast
841,Sheila Smith,Facility Repairs,001-979-713-9150x297,Morning,Midwest
842,Melanie Bridges,Automation Crew,+1-669-860-1183x06199,Night,West
843,Andrew Jackson,Zone Tech Team,001-442-803-4777,Evening,Midwest
844,Christine Kelley,Maintenance Squad,(675)224-8805x3574,Evening,South
845,Alvin Watkins,Equipment Ops Team,(547)334-6093,Morning,South
846,Theresa White,Equipment Ops Team,(990)767-4747,Evening,Northeast
847,Tiffany Brooks,Equipment Ops Team,2114375984,Night,Northeast
848,Eric Conner,Equipment Ops Team,442.769.5370x86349,Morning,South
849,Beth Thomas,Zone Tech Team,(949)555-7655,Night,Midwest
850,Ryan Giles,Equipment Ops Team,4506591517,Evening,Midwest
851,Cindy Lee,Maintenance Squad,(613)750-4277,Morning,West
852,Julian Cruz,Facility Repairs,+1-212-843-2139x44061,Evening,South
853,Travis Smith,Maintenance Squad,243-949-2052x783,Evening,West
854,Samuel Vazquez,Zone Tech Team,665.484.8723,Night,Northeast
855,Tina Nunez,Equipment Ops Team,001-895-665-0534x193,Night,South
856,Kyle Roach,Equipment Ops Team,666-732-8179x230,Night,Northeast
857,Lindsay Brady,Equipment Ops Team,+1-756-363-4395x9194,Evening,South
858,William Fox,Facility Repairs,883.738.8079,Night,Northeast
859,Kayla Salazar,Facility Repairs,903.751.1474x789,Morning,South
860,Olivia Robertson,Maintenance Squad,(227)243-8696x8068,Evening,South
861,Rebecca Armstrong,Maintenance Squad,848-540-2114x5433,Evening,Northeast
862,Nicole Adkins,Maintenance Squad,+1-932-615-0023x662,Morning,Northeast
863,Joel Collier,Maintenance Squad,+1-269-922-4881x89901,Evening,South
864,Amy Anderson,Equipment Ops Team,001-793-665-6181,Evening,West
865,Jenna Lewis,Facility Repairs,298.368.6575x6773,Morning,Northeast
866,Chad Page,Zone Tech Team,249-691-5285x1485,Evening,Midwest
867,Andrea Hernandez,Maintenance Squad,001-807-500-5457x70074,Night,Midwest
868,Jared Leonard,Automation Crew,+1-430-910-1862x7493,Evening,Midwest
869,Omar Davis,Automation Crew,+1-313-638-2968x62247,Night,West
870,Stephanie Perez,Equipment Ops Team,001-994-559-1230,Morning,West
871,Susan Williams,Facility Repairs,+1-717-743-8550x8632,Night,West
872,Bob Smith,Facility Repairs,522-832-2460x100,Evening,Midwest
873,Michael Li,Maintenance Squad,5259708464,Morning,Midwest
874,Donald Yu,Equipment Ops Team,209-279-1970,Morning,South
875,Mr. Mario Greene,Facility Repairs,464-203-7059x51557,Night,Northeast
876,Erika Hobbs,Facility Repairs,2387097952,Morning,South
877,Taylor Green,Facility Repairs,(266)986-1746x87784,Night,South
878,Timothy Wilson,Maintenance Squad,(787)589-8443,Morning,South
879,Chelsea Marshall,Equipment Ops Team,+1-714-835-8143,Night,Northeast
880,Jennifer Porter,Equipment Ops Team,380.590.7038x236,Evening,West
881,Luis Davenport,Equipment Ops Team,001-525-261-5579x956,Morning,Northeast
882,Joshua Andrews,Maintenance Squad,(384)728-8440x58330,Night,West
883,Regina Mendoza,Automation Crew,796-515-7013x9995,Morning,South
884,Julia Landry,Facility Repairs,+1-374-528-9869,Evening,Northeast
885,Daniel Smith,Maintenance Squad,(237)350-3026x505,Night,West
886,Juan Dougherty,Facility Repairs,223-258-1934,Morning,Northeast
887,Donald Wagner,Zone Tech Team,339-669-1024,Morning,Midwest
888,Jonathon Duncan,Maintenance Squad,001-986-546-8607x47618,Night,Midwest
889,Timothy Ramirez,Maintenance Squad,693-516-9995,Morning,Midwest
890,Tina Buchanan,Zone Tech Team,815-786-0799x714,Evening,South
891,Suzanne Garcia,Automation Crew,9016627138,Night,Northeast
892,Alexandra Blackwell,Equipment Ops Team,835.976.2232,Morning,Midwest
893,James Griffin,Automation Crew,+1-284-270-4216x9164,Evening,West
894,Kara Bentley,Maintenance Squad,929-764-2285x6919,Morning,South
895,Greg Bailey,Automation Crew,941.307.4681x90552,Morning,West
896,Evan Martinez,Zone Tech Team,+1-840-844-5605x568,Evening,West
897,Lisa Gomez,Maintenance Squad,(938)780-6344x77971,Night,Northeast
898,Christopher King,Equipment Ops Team,840.709.6426x1624,Evening,South
899,Michael Padilla,Maintenance Squad,543.512.0334x518,Evening,Northeast
900,John Smith,Equipment Ops Team,242.630.8093x815,Night,West
901,Brian Harris,Automation Crew,224.816.8743x21210,Evening,South
902,Joan Mitchell,Automation Crew,(537)775-6779x326,Evening,Midwest
903,Justin Burke,Zone Tech Team,4677670389,Night,West
904,Kimberly Ford,Zone Tech Team,622-362-4918x204,Morning,West
905,Adam Hart,Zone Tech Team,5558175931,Night,South
906,Matthew Scott MD,Automation Crew,+1-255-245-5815,Morning,West
907,Jose Mitchell,Maintenance Squad,799.954.3166x9153,Evening,South
908,Kaylee Evans,Automation Crew,(233)442-8531,Night,Midwest
909,Amanda Schultz,Maintenance Squad,001-672-977-2870x4822,Evening,West
910,Dominic Powell,Automation Crew,(820)452-8359x44190,Night,South
911,Sharon Williams,Automation Crew,+1-515-581-4803,Night,West
912,Charles Evans,Maintenance Squad,001-452-907-1298x70343,Night,West
913,Pamela Sheppard,Zone Tech Team,731-657-5021,Morning,Northeast
914,Rachel Rivers,Automation Crew,937.865.3778x268,Morning,West
915,Trevor Johnson,Zone Tech Team,+1-201-428-7459,Morning,South
916,Katie Martin,Facility Repairs,602.302.4085x01611,Night,Midwest
917,Kaylee Miller,Zone Tech Team,001-860-764-1751x0885,Morning,South
918,Pamela Garcia,Automation Crew,262-519-9545x6644,Evening,South
919,Rebecca Patel,Facility Repairs,878.371.3443x22451,Night,West
920,John Walker,Maintenance Squad,640.485.8199,Evening,West
921,Christopher Miller,Equipment Ops Team,(380)909-9283,Morning,Northeast
922,Mary Dodson,Maintenance Squad,001-304-786-9396x93485,Night,Midwest
923,Robert Maxwell,Maintenance Squad,(206)524-7732x086,Night,West
924,William Holloway,Zone Tech Team,+1-390-435-9873x4616,Evening,Northeast
925,Michael Barr,Maintenance Squad,753.479.1103x47244,Evening,Midwest
926,Thomas May,Zone Tech Team,444-585-7798x952,Morning,West
927,Whitney Joseph,Automation Crew,501-876-7905x3015,Morning,Midwest
928,Russell Perez,Facility Repairs,856-356-8637x82938,Night,South
929,James Armstrong,Equipment Ops Team,(819)281-6591x5026,Evening,Northeast
930,Zachary Welch,Equipment Ops Team,+1-454-638-4956x345,Night,Northeast
931,Heidi Mathews,Automation Crew,319-987-5042x5922,Morning,Midwest
932,Kayla Pena,Zone Tech Team,(675)937-3835,Night,South
933,Adam Valencia,Facility Repairs,+1-814-550-7053x4372,Night,South
934,Gregory Gilbert,Maintenance Squad,219.605.0646x8908,Morning,West
935,Alexis Williams,Zone Tech Team,001-310-490-6005x009,Evening,Northeast
936,Melissa Saunders,Maintenance Squad,305.373.0626,Morning,Northeast
937,Lauren Flowers,Facility Repairs,(997)652-6499,Night,South
938,Joanna Carpenter,Automation Crew,(431)908-0249x5914,Morning,Northeast
939,Derrick Lynch,Equipment Ops Team,564-614-8610x970,Morning,Northeast
940,Shawn Walker,Maintenance Squad,877.505.0059x21064,Night,Midwest
941,Susan Elliott,Maintenance Squad,723-627-6420x250,Night,Northeast
942,Terri Hernandez,Equipment Ops Team,(895)988-1027,Evening,West
943,Melissa King,Maintenance Squad,(541)729-9907x9797,Morning,Midwest
944,Laura Noble,Automation Crew,(654)257-9928x077,Night,Northeast
945,Brittany Cook,Zone Tech Team,(368)303-8796x0443,Morning,Northeast
946,Nicole Morrison,Maintenance Squad,+1-953-929-5224x963,Evening,West
947,James Williams,Equipment Ops Team,794-390-0589,Evening,Northeast
948,Steven Patel,Facility Repairs,001-451-418-1353x37335,Morning,Midwest
949,Brittany Love,Automation Crew,217-823-4577x19476,Evening,West
950,Laurie Garcia,Equipment Ops Team,+1-856-778-0554x155,Evening,Northeast
951,Alex Horne,Equipment Ops Team,384-528-0904,Night,West
952,Kimberly Gutierrez,Automation Crew,001-288-713-5471,Night,South
953,Jared Cooper,Zone Tech Team,953.346.3211,Morning,South
954,Stephen Hale,Automation Crew,001-938-453-7040,Evening,Northeast
955,Kim Burton,Automation Crew,741-434-4343x468,Night,Northeast
956,Matthew Nelson,Zone Tech Team,7168997890,Morning,West
957,Mark Dean,Automation Crew,+1-548-548-9160x0545,Morning,Northeast
958,Chelsea Oconnor,Facility Repairs,+1-323-397-8693,Night,South
959,Damon Campbell,Zone Tech Team,001-275-227-2464x915,Night,Northeast
960,Steven Stevenson PhD,Automation Crew,932-644-0995,Morning,West
961,Misty Christian,Automation Crew,251-628-1935x4057,Morning,South
962,Robert King,Facility Repairs,597.652.2353x2079,Morning,West
963,Ronald Gonzalez,Facility Repairs,001-344-659-8516,Night,Midwest
964,Gabriela Blevins,Facility Repairs,(411)249-1410,Evening,Northeast
965,Billy Jimenez,Equipment Ops Team,001-818-649-4113x8139,Evening,Midwest
966,Jennifer Richards,Automation Crew,946.460.5304,Night,South
967,Sophia Rocha,Zone Tech Team,543-919-4678x6069,Evening,South
968,Christian Kemp,Equipment Ops Team,(975)919-1845,Night,South
969,Joseph White,Facility Repairs,(923)296-9255x052,Night,West
970,Renee Wade,Facility Repairs,+1-802-762-7686x32939,Morning,Northeast
971,Gabrielle Briggs,Automation Crew,(650)706-7458,Night,Midwest
972,Donald Lopez,Equipment Ops Team,274.250.3650,Morning,Northeast
973,Victor Silva,Zone Tech Team,321-627-7159x692,Night,South
974,Evelyn Patrick,Automation Crew,3737255322,Morning,Northeast
975,Richard Adams,Maintenance Squad,373-972-5312x67305,Night,Northeast
976,Richard Todd,Facility Repairs,901-749-5786x78464,Night,Northeast
977,Mary Smith,Maintenance Squad,001-361-699-2488,Evening,South
978,Jade Turner,Maintenance Squad,8706067448,Night,South
979,Richard Williams,Automation Crew,001-256-601-9895,Night,West
980,Bonnie Compton,Equipment Ops Team,+1-330-555-0116x8596,Morning,Northeast
981,Donna Strickland,Equipment Ops Team,+1-938-862-9132x9758,Morning,Midwest
982,Miguel Paul,Maintenance Squad,927.325.6291x478,Evening,West
983,Felicia Santos,Equipment Ops Team,375.660.7389,Evening,Midwest
984,John Harris,Maintenance Squad,243-245-2163,Night,Midwest
985,William Deleon,Equipment Ops Team,(527)994-5070,Night,Northeast
986,Corey Schmidt,Equipment Ops Team,001-793-225-2659x072,Morning,Northeast
987,Jonathan Boyer,Maintenance Squad,944.655.3274,Morning,Northeast
988,Kenneth Newman,Zone Tech Team,001-938-599-2805x7511,Morning,South
989,Makayla Lara,Equipment Ops Team,571.895.0538x8806,Evening,Northeast
990,Jeffrey Carroll,Zone Tech Team,(453)383-9541x29741,Morning,Midwest
991,Charles Adams,Zone Tech Team,001-236-995-4610x59669,Evening,South
992,Kim Nichols,Equipment Ops Team,001-960-505-4685,Night,South
993,Adam Fleming,Zone Tech Team,8963964923,Morning,Northeast
994,Shane Herrera,Maintenance Squad,(728)322-1444x7592,Evening,Midwest
995,Nicholas Spence,Automation Crew,728-391-1335x767,Night,South
996,Anthony Martinez,Equipment Ops Team,303-333-0192x092,Night,Northeast
997,Lauren Barton,Maintenance Squad,667.717.3714x90181,Evening,South
998,Amber Thomas MD,Automation Crew,+1-720-973-7764x7360,Morning,Midwest
999,Preston Harrington,Automation Crew,(849)301-6540x9206,Night,Midwest
1000,Mr. Robert Duran,Automation Crew,336.736.0623x2021,Night,Midwest
